seed,adapt_regime,adapt_x,adapt_y,adapt_allzero_rate,probe_id,probe_x,probe_y,input_overlap,hidden_overlap,initial_default_rate,initial_p0,routing_at_risk,init_success,routing_collapse_step,behavior_collapse_step,final_default_rate,final_p0,final_success
4120,T5,7.0,5.0,0.7142857142857143,0,2.0,2.0,-0.7541429400444031,0.4513495862483978,1.0,0.9927182197570801,0,1.0,nan,301,1.0,0.9999988675117493,1.0
4120,T5,7.0,5.0,0.7142857142857143,1,3.0,2.0,-0.13209068775177002,0.5476973056793213,0.14,0.16141006350517273,1,0.0,20,301,1.0,0.9999998211860657,0.0
4120,T5,7.0,5.0,0.7142857142857143,2,5.0,2.0,0.42868322134017944,0.7455291152000427,0.0,0.0026520169340074062,1,0.0,20,301,1.0,0.9999998211860657,0.0
4120,T5,7.0,5.0,0.7142857142857143,3,7.0,2.0,0.042550425976514816,0.7643923163414001,0.0625,0.06554020196199417,1,1.0,40,40,1.0,0.9999999403953552,0.0
4120,T5,7.0,5.0,0.7142857142857143,4,8.0,2.0,0.6567102670669556,0.8799110651016235,0.0,1.0469693556558468e-08,1,1.0,60,60,1.0,0.999991238117218,0.0
4120,T5,7.0,5.0,0.7142857142857143,5,2.0,3.5,-0.8664986491203308,0.44901883602142334,0.5555555555555556,0.5242245197296143,0,1.0,nan,301,1.0,0.9997491836547852,1.0
4120,T5,7.0,5.0,0.7142857142857143,6,4.0,3.5,0.39794281125068665,0.7346420884132385,0.04,0.047426629811525345,1,0.0,20,301,1.0,0.9999998211860657,1.0
4120,T5,7.0,5.0,0.7142857142857143,7,6.0,3.5,0.36845096945762634,0.8151324391365051,0.0,8.972374780569226e-05,1,1.0,40,60,1.0,0.9999999403953552,0.0
4120,T5,7.0,5.0,0.7142857142857143,8,8.0,3.5,0.9935252070426941,0.9887123703956604,0.0,2.1236841973859555e-07,1,1.0,40,30,1.0,1.0,0.0
4120,T5,7.0,5.0,0.7142857142857143,9,2.799999952316284,2.799999952316284,-0.7541428804397583,0.4619412422180176,1.0,0.9898666143417358,0,1.0,nan,301,1.0,0.9999983906745911,1.0
4120,T5,7.0,5.0,0.7142857142857143,10,4.599999904632568,4.599999904632568,-0.7541429400444031,0.4860987067222595,1.0,0.9745230674743652,0,1.0,nan,301,1.0,0.9999953508377075,1.0
4120,T5,7.0,5.0,0.7142857142857143,11,2.0,5.0,-0.997623860836029,0.4331797957420349,0.0,0.00045615003909915686,1,0.0,80,301,1.0,0.9601945281028748,1.0
4120,T5,7.0,5.0,0.7142857142857143,12,4.0,5.0,-0.997623860836029,0.4578021764755249,0.0,1.1248290320509113e-05,1,1.0,100,301,1.0,0.6269257664680481,1.0
4120,T5,7.0,5.0,0.7142857142857143,13,6.0,5.0,0.9929418563842773,0.9962210655212402,0.0,4.398035343911033e-06,1,1.0,30,30,1.0,1.0,0.0
4120,T5,7.0,5.0,0.7142857142857143,14,8.0,5.0,0.9951404333114624,0.9978310465812683,0.0,2.4694747935427586e-06,1,1.0,30,20,1.0,1.0,0.0
4120,T5,7.0,5.0,0.7142857142857143,15,2.0,6.5,-0.803911030292511,0.4348173439502716,0.0,2.678278008261259e-07,1,1.0,301,301,0.0,0.00715482234954834,1.0
4120,T5,7.0,5.0,0.7142857142857143,16,4.0,6.5,0.5355651378631592,0.7249873876571655,0.0,9.01687769783166e-07,1,0.0,80,301,0.9,0.8636536598205566,1.0
4120,T5,7.0,5.0,0.7142857142857143,17,6.0,6.5,0.5174201130867004,0.7941118478775024,0.0,3.6127335789615245e-08,1,1.0,80,40,0.8333333333333334,0.8364334106445312,0.0
4120,T5,7.0,5.0,0.7142857142857143,18,8.0,6.5,0.9918842911720276,0.9882649183273315,0.0,1.2966445694928552e-07,1,1.0,40,30,1.0,0.9999995231628418,0.0
4120,T5,7.0,5.0,0.7142857142857143,19,2.0,8.0,-0.6567102670669556,0.4257160723209381,0.0,9.476288503895702e-11,1,1.0,301,301,0.0,1.5008683931228006e-06,1.0
4120,T5,7.0,5.0,0.7142857142857143,20,3.5,8.0,0.17323173582553864,0.6016935706138611,0.0,1.2759296730280312e-08,1,0.0,301,301,0.0,0.05346065014600754,0.0
4120,T5,7.0,5.0,0.7142857142857143,21,5.0,8.0,0.5488054156303406,0.7329578995704651,0.0,4.47303420969547e-07,1,0.0,80,301,0.96,0.9054105877876282,0.0
4120,T5,7.0,5.0,0.7142857142857143,22,6.5,8.0,0.3473394811153412,0.7265505194664001,0.0,2.07335637547601e-09,1,0.0,301,301,0.36,0.27768033742904663,0.0
4120,T5,7.0,5.0,0.7142857142857143,23,8.0,8.0,0.7541429400444031,0.8671603798866272,0.0,8.192737510626102e-08,1,1.0,60,40,1.0,0.9988986253738403,0.0
4120,T6,5.0,3.0,1.0,0,2.0,2.0,0.4807317554950714,0.8299416899681091,1.0,0.9927182197570801,0,1.0,nan,301,1.0,1.0,1.0
4120,T6,5.0,3.0,1.0,1,3.0,2.0,0.940248429775238,0.9365247488021851,0.14,0.16141006350517273,1,0.0,10,301,1.0,1.0,0.0
4120,T6,5.0,3.0,1.0,2,5.0,2.0,0.9741032719612122,0.9897243976593018,0.0,0.0026520169340074062,1,0.0,20,301,1.0,1.0,0.0
4120,T6,5.0,3.0,1.0,3,7.0,2.0,0.9851765632629395,0.9883779883384705,0.0625,0.06554020196199417,1,1.0,30,40,1.0,1.0,0.0
4120,T6,5.0,3.0,1.0,4,8.0,2.0,0.8768677115440369,0.9182222485542297,0.0,1.0469693556558468e-08,1,1.0,60,60,1.0,0.9999098777770996,0.0
4120,T6,5.0,3.0,1.0,5,2.0,3.5,0.3028601109981537,0.7885279655456543,0.5555555555555556,0.5242245197296143,0,1.0,nan,301,1.0,0.9999926090240479,1.0
4120,T6,5.0,3.0,1.0,6,4.0,3.5,0.9811803698539734,0.990550696849823,0.04,0.047426629811525345,1,0.0,20,301,1.0,1.0,1.0
4120,T6,5.0,3.0,1.0,7,6.0,3.5,0.9868448376655579,0.9844452142715454,0.0,8.972374780569226e-05,1,1.0,30,60,1.0,1.0,0.0
4120,T6,5.0,3.0,1.0,8,8.0,3.5,0.322923481464386,0.786424458026886,0.0,2.1236841973859555e-07,1,1.0,60,60,1.0,0.9523155093193054,0.0
4120,T6,5.0,3.0,1.0,9,2.799999952316284,2.799999952316284,0.480731725692749,0.8299985527992249,1.0,0.9898666143417358,0,1.0,nan,301,1.0,1.0,1.0
4120,T6,5.0,3.0,1.0,10,4.599999904632568,4.599999904632568,0.4807317554950714,0.8284231424331665,1.0,0.9745230674743652,0,1.0,nan,301,1.0,1.0,1.0
4120,T6,5.0,3.0,1.0,11,2.0,5.0,-0.2801103889942169,0.6659291982650757,0.0,0.00045615003909915686,1,0.0,60,301,1.0,0.9343637824058533,0.0
4120,T6,5.0,3.0,1.0,12,4.0,5.0,-0.2801103889942169,0.6597978472709656,0.0,1.1248290320509113e-05,1,1.0,80,301,1.0,0.698217511177063,1.0
4120,T6,5.0,3.0,1.0,13,6.0,5.0,0.09592914581298828,0.7025944590568542,0.0,4.398035343911033e-06,1,1.0,40,40,1.0,0.944176971912384,0.0
4120,T6,5.0,3.0,1.0,14,8.0,5.0,0.11607147753238678,0.7035682797431946,0.0,2.4694747935427586e-06,1,1.0,60,40,0.8333333333333334,0.8316009044647217,0.0
4120,T6,5.0,3.0,1.0,15,2.0,6.5,-0.7525418400764465,0.46121105551719666,0.0,2.678278008261259e-07,1,1.0,301,301,0.0,0.0007850329275242984,1.0
4120,T6,5.0,3.0,1.0,16,4.0,6.5,-0.7108178734779358,0.39942362904548645,0.0,9.01687769783166e-07,1,0.0,301,301,0.0,0.008504827506840229,1.0
4120,T6,5.0,3.0,1.0,17,6.0,6.5,-0.7256672382354736,0.41818130016326904,0.0,3.6127335789615245e-08,1,1.0,301,301,0.0,0.0004076403856743127,1.0
4120,T6,5.0,3.0,1.0,18,8.0,6.5,0.08735918998718262,0.6581783294677734,0.0,1.2966445694928552e-07,1,1.0,80,80,0.16666666666666666,0.3424951732158661,0.0
4120,T6,5.0,3.0,1.0,19,2.0,8.0,-0.8768677115440369,0.35363397002220154,0.0,9.476288503895702e-11,1,1.0,301,301,0.0,3.5113085772309205e-08,1.0
4120,T6,5.0,3.0,1.0,20,3.5,8.0,-0.9252625107765198,0.3623650074005127,0.0,1.2759296730280312e-08,1,0.0,301,301,0.0,7.888980326242745e-05,1.0
4120,T6,5.0,3.0,1.0,21,5.0,8.0,-0.6996464729309082,0.39514416456222534,0.0,4.47303420969547e-07,1,0.0,301,301,0.0,0.005700085777789354,0.0
4120,T6,5.0,3.0,1.0,22,6.5,8.0,-0.8420673608779907,0.3719940483570099,0.0,2.07335637547601e-09,1,0.0,301,301,0.0,1.7903465050039813e-05,1.0
4120,T6,5.0,3.0,1.0,23,8.0,8.0,-0.4807317554950714,0.4604707956314087,0.0,8.192737510626102e-08,1,1.0,301,301,0.0,0.00214355974458158,1.0
4120,T7,5.0,7.0,1.0,0,2.0,2.0,-0.9551650881767273,0.3884757459163666,1.0,0.9927182197570801,0,1.0,nan,301,1.0,1.0,1.0
4120,T7,5.0,7.0,1.0,1,3.0,2.0,-0.9125619530677795,0.3601863980293274,0.14,0.16141006350517273,1,0.0,20,301,1.0,0.9999988079071045,0.0
4120,T7,5.0,7.0,1.0,2,5.0,2.0,-0.5429896116256714,0.422319620847702,0.0,0.0026520169340074062,1,0.0,30,301,1.0,0.9999904632568359,0.0
4120,T7,5.0,7.0,1.0,3,7.0,2.0,-0.8274013996124268,0.3835050165653229,0.0625,0.06554020196199417,1,1.0,60,80,1.0,0.9992774724960327,0.0
4120,T7,5.0,7.0,1.0,4,8.0,2.0,-0.2960740327835083,0.43740957975387573,0.0,1.0469693556558468e-08,1,1.0,100,100,0.9,0.8099193572998047,0.0
4120,T7,5.0,7.0,1.0,5,2.0,3.5,-0.8802647590637207,0.46962788701057434,0.5555555555555556,0.5242245197296143,0,1.0,nan,30,1.0,1.0,0.0
4120,T7,5.0,7.0,1.0,6,4.0,3.5,-0.5710256099700928,0.42021116614341736,0.04,0.047426629811525345,1,0.0,30,301,1.0,0.9999905228614807,1.0
4120,T7,5.0,7.0,1.0,7,6.0,3.5,-0.5969433784484863,0.4296928942203522,0.0,8.972374780569226e-05,1,1.0,60,80,1.0,0.9992870092391968,0.0
4120,T7,5.0,7.0,1.0,8,8.0,3.5,0.4258587062358856,0.6559281945228577,0.0,2.1236841973859555e-07,1,1.0,80,30,1.0,0.9979913234710693,0.0
4120,T7,5.0,7.0,1.0,9,2.799999952316284,2.799999952316284,-0.9551650285720825,0.4067024290561676,1.0,0.9898666143417358,0,1.0,nan,301,1.0,1.0,1.0
4120,T7,5.0,7.0,1.0,10,4.599999904632568,4.599999904632568,-0.9551650881767273,0.4444049298763275,1.0,0.9745230674743652,0,1.0,nan,301,1.0,1.0,1.0
4120,T7,5.0,7.0,1.0,11,2.0,5.0,-0.4660477340221405,0.5877525806427002,0.0,0.00045615003909915686,1,0.0,40,301,1.0,0.9999929666519165,0.0
4120,T7,5.0,7.0,1.0,12,4.0,5.0,-0.4660477340221405,0.6242831945419312,0.0,1.1248290320509113e-05,1,1.0,40,80,1.0,0.9999983310699463,0.0
4120,T7,5.0,7.0,1.0,13,6.0,5.0,0.6230614185333252,0.7917413711547852,0.0,4.398035343911033e-06,1,1.0,30,30,1.0,0.9999960064888,0.0
4120,T7,5.0,7.0,1.0,14,8.0,5.0,0.6070903539657593,0.7555239200592041,0.0,2.4694747935427586e-06,1,1.0,60,30,1.0,0.999223530292511,0.0
4120,T7,5.0,7.0,1.0,15,2.0,6.5,0.0830899178981781,0.7420250177383423,0.0,2.678278008261259e-07,1,1.0,60,60,1.0,0.9996947646141052,0.0
4120,T7,5.0,7.0,1.0,16,4.0,6.5,0.9999350309371948,0.9955270886421204,0.0,9.01687769783166e-07,1,0.0,40,301,1.0,0.9999850988388062,0.0
4120,T7,5.0,7.0,1.0,17,6.0,6.5,0.9999505877494812,0.9924481511116028,0.0,3.6127335789615245e-08,1,1.0,40,40,1.0,1.0,0.0
4120,T7,5.0,7.0,1.0,18,8.0,6.5,0.6297698020935059,0.8139229416847229,0.0,1.2966445694928552e-07,1,1.0,60,30,1.0,0.9997908473014832,0.0
4120,T7,5.0,7.0,1.0,19,2.0,8.0,0.2960740327835083,0.7923269867897034,0.0,9.476288503895702e-11,1,1.0,100,80,0.7,0.7280335426330566,0.0
4120,T7,5.0,7.0,1.0,20,3.5,8.0,0.928791344165802,0.9487618803977966,0.0,1.2759296730280312e-08,1,0.0,60,301,1.0,0.9999980330467224,0.0
4120,T7,5.0,7.0,1.0,21,5.0,8.0,0.9996309876441956,0.9972203373908997,0.0,4.47303420969547e-07,1,0.0,40,301,1.0,1.0,0.0
4120,T7,5.0,7.0,1.0,22,6.5,8.0,0.9802576303482056,0.9897475242614746,0.0,2.07335637547601e-09,1,0.0,60,301,1.0,1.0,0.0
4120,T7,5.0,7.0,1.0,23,8.0,8.0,0.9551650881767273,0.9492612481117249,0.0,8.192737510626102e-08,1,1.0,40,40,1.0,1.0,0.0
4121,T5,7.0,5.0,1.0,0,2.0,2.0,-0.7071068286895752,0.5011895298957825,1.0,0.9875351190567017,0,1.0,nan,301,1.0,1.0,1.0
4121,T5,7.0,5.0,1.0,1,3.0,2.0,-0.04488610476255417,0.6492430567741394,0.16,0.3445093631744385,1,0.0,10,301,1.0,1.0,0.0
4121,T5,7.0,5.0,1.0,2,5.0,2.0,0.4899083971977234,0.7597613334655762,0.0,0.0004931733710691333,1,0.0,20,301,1.0,1.0,0.0
4121,T5,7.0,5.0,1.0,3,7.0,2.0,0.2995622158050537,0.7958802580833435,0.07142857142857142,0.0686439797282219,1,1.0,40,60,1.0,1.0,0.0
4121,T5,7.0,5.0,1.0,4,8.0,2.0,0.7071068286895752,0.8539223670959473,0.0,6.10738348783002e-09,1,1.0,80,60,1.0,0.9999997019767761,0.0
4121,T5,7.0,5.0,1.0,5,2.0,3.5,-0.8300486207008362,0.47431114315986633,0.5555555555555556,0.5481287240982056,0,1.0,nan,301,1.0,0.9999995827674866,1.0
4121,T5,7.0,5.0,1.0,6,4.0,3.5,0.47611096501350403,0.7583355903625488,0.06,0.05654831975698471,1,0.0,20,301,1.0,1.0,1.0
4121,T5,7.0,5.0,1.0,7,6.0,3.5,0.52410888671875,0.8128228783607483,0.0,4.48805303676636e-06,1,1.0,40,60,1.0,1.0,0.0
4121,T5,7.0,5.0,1.0,8,8.0,3.5,0.9989917874336243,0.9750531315803528,0.0,9.16653732474515e-07,1,1.0,60,40,1.0,0.9999997615814209,0.0
4121,T5,7.0,5.0,1.0,9,2.799999952316284,2.799999952316284,-0.7071067690849304,0.525567352771759,1.0,0.9823004603385925,0,1.0,nan,301,1.0,1.0,1.0
4121,T5,7.0,5.0,1.0,10,4.599999904632568,4.599999904632568,-0.7071068286895752,0.5620712041854858,1.0,0.966285765171051,0,1.0,nan,301,1.0,1.0,1.0
4121,T5,7.0,5.0,1.0,11,2.0,5.0,-1.0,0.40627485513687134,0.0,0.0010161860845983028,1,0.0,60,301,1.0,0.998943567276001,1.0
4121,T5,7.0,5.0,1.0,12,4.0,5.0,-1.0,0.46570920944213867,0.0,0.0001316429697908461,1,1.0,60,301,1.0,0.9983557462692261,1.0
4121,T5,7.0,5.0,1.0,13,6.0,5.0,1.0,0.9999998807907104,0.0,5.2303636039141566e-05,1,0.0,30,301,1.0,1.0,0.0
4121,T5,7.0,5.0,1.0,14,8.0,5.0,1.0,0.9999998807907104,0.0,5.2303636039141566e-05,1,0.0,30,301,1.0,1.0,0.0
4121,T5,7.0,5.0,1.0,15,2.0,6.5,-0.8359450101852417,0.4059174358844757,0.0,2.9448241889440396e-07,1,1.0,301,301,0.0,0.003430359298363328,1.0
4121,T5,7.0,5.0,1.0,16,4.0,6.5,0.47611096501350403,0.7114952206611633,0.0,2.2674546471534995e-06,1,0.0,100,301,0.88,0.7814906239509583,1.0
4121,T5,7.0,5.0,1.0,17,6.0,6.5,0.45723482966423035,0.7769080400466919,0.0,4.1945227735595836e-07,1,1.0,100,100,1.0,0.9573543071746826,0.0
4121,T5,7.0,5.0,1.0,18,8.0,6.5,0.9989917874336243,0.9696590304374695,0.0,4.5331151454774954e-07,1,1.0,80,40,1.0,0.9999771118164062,0.0
4121,T5,7.0,5.0,1.0,19,2.0,8.0,-0.7071068286895752,0.4254736006259918,0.0,1.3079572147578489e-11,1,1.0,301,301,0.0,1.7364041582368372e-07,1.0
4121,T5,7.0,5.0,1.0,20,3.5,8.0,0.10277695208787918,0.5743817687034607,0.0,2.7844009320432406e-09,1,0.0,301,301,0.0,0.0012799932155758142,0.0
4121,T5,7.0,5.0,1.0,21,5.0,8.0,0.4899083971977234,0.7217863202095032,0.0,1.1877983752128785e-06,1,0.0,100,301,0.94,0.7809601426124573,0.0
4121,T5,7.0,5.0,1.0,22,6.5,8.0,0.202600359916687,0.701669454574585,0.0,5.281981430016458e-08,1,0.0,150,301,0.88,0.6964225769042969,0.0
4121,T5,7.0,5.0,1.0,23,8.0,8.0,0.7071068286895752,0.8191484808921814,0.0,1.0624444257700816e-07,1,1.0,150,100,1.0,0.8656947016716003,0.0
4121,T6,5.0,3.0,1.0,0,2.0,2.0,0.13481412827968597,0.5949416756629944,1.0,0.9875351190567017,0,1.0,nan,301,1.0,1.0,1.0
4121,T6,5.0,3.0,1.0,1,3.0,2.0,0.7680066823959351,0.8758254051208496,0.16,0.3445093631744385,1,0.0,10,301,1.0,1.0,0.0
4121,T6,5.0,3.0,1.0,2,5.0,2.0,0.9904672503471375,0.990976095199585,0.0,0.0004931733710691333,1,0.0,20,301,1.0,1.0,0.0
4121,T6,5.0,3.0,1.0,3,7.0,2.0,0.9407575726509094,0.988829493522644,0.07142857142857142,0.0686439797282219,1,1.0,30,60,1.0,1.0,0.0
4121,T6,5.0,3.0,1.0,4,8.0,2.0,0.990871012210846,0.9689618945121765,0.0,6.10738348783002e-09,1,1.0,60,60,1.0,0.9999732971191406,0.0
4121,T6,5.0,3.0,1.0,5,2.0,3.5,-0.05853739753365517,0.5073137283325195,0.5555555555555556,0.5481287240982056,0,1.0,nan,301,1.0,1.0,1.0
4121,T6,5.0,3.0,1.0,6,4.0,3.5,0.9881739020347595,0.9881644248962402,0.06,0.05654831975698471,1,0.0,20,301,1.0,1.0,1.0
4121,T6,5.0,3.0,1.0,7,6.0,3.5,0.995152473449707,0.9942238330841064,0.0,4.48805303676636e-06,1,1.0,30,60,1.0,1.0,0.0
4121,T6,5.0,3.0,1.0,8,8.0,3.5,0.6404469013214111,0.8327876329421997,0.0,9.16653732474515e-07,1,1.0,100,80,0.9090909090909091,0.804150402545929,0.0
4121,T6,5.0,3.0,1.0,9,2.799999952316284,2.799999952316284,0.13481412827968597,0.5999667048454285,1.0,0.9823004603385925,0,1.0,nan,301,1.0,1.0,1.0
4121,T6,5.0,3.0,1.0,10,4.599999904632568,4.599999904632568,0.13481412827968597,0.6030378937721252,1.0,0.966285765171051,0,1.0,nan,301,1.0,1.0,1.0
4121,T6,5.0,3.0,1.0,11,2.0,5.0,-0.6053236126899719,0.3748122453689575,0.0,0.0010161860845983028,1,0.0,30,301,1.0,0.9999744892120361,1.0
4121,T6,5.0,3.0,1.0,12,4.0,5.0,-0.6053236126899719,0.4173213839530945,0.0,0.0001316429697908461,1,1.0,30,301,1.0,0.9999887347221375,1.0
4121,T6,5.0,3.0,1.0,13,6.0,5.0,0.6053236126899719,0.7890950441360474,0.0,5.2303636039141566e-05,1,0.0,40,301,1.0,0.9979382157325745,0.0
4121,T6,5.0,3.0,1.0,14,8.0,5.0,0.6053236126899719,0.7890950441360474,0.0,5.2303636039141566e-05,1,0.0,40,301,1.0,0.9979382157325745,0.0
4121,T6,5.0,3.0,1.0,15,2.0,6.5,-0.9428613185882568,0.31950637698173523,0.0,2.9448241889440396e-07,1,1.0,301,301,0.16666666666666666,0.18355689942836761,1.0
4121,T6,5.0,3.0,1.0,16,4.0,6.5,-0.4117714464664459,0.31859707832336426,0.0,2.2674546471534995e-06,1,0.0,301,301,0.0,0.0046865856274962425,1.0
4121,T6,5.0,3.0,1.0,17,6.0,6.5,-0.431126207113266,0.36456093192100525,0.0,4.1945227735595836e-07,1,1.0,301,301,0.0,0.0016091627767309546,1.0
4121,T6,5.0,3.0,1.0,18,8.0,6.5,0.5689796209335327,0.6873109936714172,0.0,4.5331151454774954e-07,1,1.0,301,60,0.36363636363636365,0.40289542078971863,0.0
4121,T6,5.0,3.0,1.0,19,2.0,8.0,-0.990871012210846,0.2991197109222412,0.0,1.3079572147578489e-11,1,1.0,301,301,0.0,1.2340656212472823e-06,1.0
4121,T6,5.0,3.0,1.0,20,3.5,8.0,-0.7295510768890381,0.2887548506259918,0.0,2.7844009320432406e-09,1,0.0,301,301,0.0,1.3729650163440965e-06,1.0
4121,T6,5.0,3.0,1.0,21,5.0,8.0,-0.39736106991767883,0.31855377554893494,0.0,1.1877983752128785e-06,1,0.0,301,301,0.0,0.002710686530917883,1.0
4121,T6,5.0,3.0,1.0,22,6.5,8.0,-0.6568333506584167,0.34149420261383057,0.0,5.281981430016458e-08,1,0.0,301,301,0.0,0.0001873700093710795,1.0
4121,T6,5.0,3.0,1.0,23,8.0,8.0,-0.13481412827968597,0.37082695960998535,0.0,1.0624444257700816e-07,1,1.0,301,301,0.0,0.0008370284922420979,1.0
4121,T7,5.0,7.0,1.0,0,2.0,2.0,-0.9788428544998169,0.5243464708328247,1.0,0.9875351190567017,0,1.0,nan,301,1.0,1.0,1.0
4121,T7,5.0,7.0,1.0,1,3.0,2.0,-0.8605601787567139,0.38554292917251587,0.16,0.3445093631744385,1,0.0,10,301,1.0,1.0,0.0
4121,T7,5.0,7.0,1.0,2,5.0,2.0,-0.461320161819458,0.3356722891330719,0.0,0.0004931733710691333,1,0.0,60,301,1.0,0.9999831318855286,0.0
4121,T7,5.0,7.0,1.0,3,7.0,2.0,-0.6344010829925537,0.3613024353981018,0.07142857142857142,0.0686439797282219,1,1.0,80,300,1.0,0.9988400340080261,0.0
4121,T7,5.0,7.0,1.0,4,8.0,2.0,-0.20461374521255493,0.38877373933792114,0.0,6.10738348783002e-09,1,1.0,200,300,0.5,0.5002323389053345,0.0
4121,T7,5.0,7.0,1.0,5,2.0,3.5,-0.9211131930351257,0.608004629611969,0.5555555555555556,0.5481287240982056,0,1.0,nan,100,1.0,1.0,0.0
4121,T7,5.0,7.0,1.0,6,4.0,3.5,-0.47524315118789673,0.3472155034542084,0.06,0.05654831975698471,1,0.0,60,301,1.0,0.999982476234436,1.0
4121,T7,5.0,7.0,1.0,7,6.0,3.5,-0.42575743794441223,0.35538285970687866,0.0,4.48805303676636e-06,1,1.0,80,200,1.0,0.9946439862251282,0.0
4121,T7,5.0,7.0,1.0,8,8.0,3.5,0.509343147277832,0.647395133972168,0.0,9.16653732474515e-07,1,1.0,150,60,1.0,0.9523139595985413,0.0
4121,T7,5.0,7.0,1.0,9,2.799999952316284,2.799999952316284,-0.9788427948951721,0.5547172427177429,1.0,0.9823004603385925,0,1.0,nan,301,1.0,1.0,1.0
4121,T7,5.0,7.0,1.0,10,4.599999904632568,4.599999904632568,-0.9788428544998169,0.6010334491729736,1.0,0.966285765171051,0,1.0,nan,301,1.0,1.0,1.0
4121,T7,5.0,7.0,1.0,11,2.0,5.0,-0.5474626421928406,0.6680439710617065,0.0,0.0010161860845983028,1,0.0,30,301,1.0,1.0,0.0
4121,T7,5.0,7.0,1.0,12,4.0,5.0,-0.5474626421928406,0.7048407196998596,0.0,0.0001316429697908461,1,1.0,30,150,1.0,1.0,0.0
4121,T7,5.0,7.0,1.0,13,6.0,5.0,0.5474626421928406,0.7548478841781616,0.0,5.2303636039141566e-05,1,0.0,80,301,1.0,0.9998821020126343,0.0
4121,T7,5.0,7.0,1.0,14,8.0,5.0,0.5474626421928406,0.7548478841781616,0.0,5.2303636039141566e-05,1,0.0,80,301,1.0,0.9998821020126343,0.0
4121,T7,5.0,7.0,1.0,15,2.0,6.5,0.0016148132272064686,0.7217046022415161,0.0,2.9448241889440396e-07,1,1.0,80,150,1.0,0.9997699856758118,0.0
4121,T7,5.0,7.0,1.0,16,4.0,6.5,0.9965490698814392,0.9902163743972778,0.0,2.2674546471534995e-06,1,0.0,60,301,1.0,0.9999947547912598,0.0
4121,T7,5.0,7.0,1.0,17,6.0,6.5,0.9945505261421204,0.9918987154960632,0.0,4.1945227735595836e-07,1,1.0,60,60,1.0,1.0,0.0
4121,T7,5.0,7.0,1.0,18,8.0,6.5,0.5844781398773193,0.7933104038238525,0.0,4.5331151454774954e-07,1,1.0,60,60,1.0,0.9998148083686829,0.0
4121,T7,5.0,7.0,1.0,19,2.0,8.0,0.20461374521255493,0.7537176012992859,0.0,1.3079572147578489e-11,1,1.0,200,150,0.7,0.7404495477676392,0.0
4121,T7,5.0,7.0,1.0,20,3.5,8.0,0.8886651396751404,0.9161098599433899,0.0,2.7844009320432406e-09,1,0.0,100,301,1.0,0.9999931454658508,0.0
4121,T7,5.0,7.0,1.0,21,5.0,8.0,0.9977332353591919,0.9933328032493591,0.0,1.1877983752128785e-06,1,0.0,60,301,1.0,1.0,0.0
4121,T7,5.0,7.0,1.0,22,6.5,8.0,0.9303916692733765,0.9737069010734558,0.0,5.281981430016458e-08,1,0.0,60,301,1.0,1.0,0.0
4121,T7,5.0,7.0,1.0,23,8.0,8.0,0.9788428544998169,0.9524895548820496,0.0,1.0624444257700816e-07,1,1.0,80,60,1.0,1.0,0.0
4122,T5,7.0,5.0,1.0,0,2.0,2.0,-0.7071068286895752,0.6326890587806702,1.0,0.9953542947769165,0,1.0,nan,301,1.0,1.0,1.0
4122,T5,7.0,5.0,1.0,1,3.0,2.0,-0.21885791420936584,0.7026323080062866,0.9,0.8596681356430054,0,1.0,nan,30,1.0,1.0,0.0
4122,T5,7.0,5.0,1.0,2,5.0,2.0,0.4899083971977234,0.8545651435852051,0.0,0.0005172986420802772,1,0.0,20,301,1.0,1.0,0.0
4122,T5,7.0,5.0,1.0,3,7.0,2.0,0.3053337633609772,0.8133161067962646,0.1,0.05096891522407532,1,1.0,40,60,1.0,0.9999998807907104,0.0
4122,T5,7.0,5.0,1.0,4,8.0,2.0,0.7071068286895752,0.8392689228057861,0.0,6.622847409376575e-11,1,1.0,80,60,1.0,0.9880607724189758,0.0
4122,T5,7.0,5.0,1.0,5,2.0,3.5,-0.8300486207008362,0.6342533826828003,0.5555555555555556,0.5605945587158203,0,1.0,nan,100,1.0,0.999999463558197,0.0
4122,T5,7.0,5.0,1.0,6,4.0,3.5,-0.43162378668785095,0.6684316396713257,1.0,0.9944976568222046,0,1.0,nan,301,1.0,1.0,1.0
4122,T5,7.0,5.0,1.0,7,6.0,3.5,0.43162378668785095,0.8405462503433228,0.0,7.038683634164045e-06,1,1.0,40,60,1.0,1.0,0.0
4122,T5,7.0,5.0,1.0,8,8.0,3.5,0.9989917874336243,0.9395799040794373,0.0,5.538399600046873e-11,1,1.0,80,60,1.0,0.9696511626243591,0.0
4122,T5,7.0,5.0,1.0,9,2.799999952316284,2.799999952316284,-0.7071067690849304,0.6379435658454895,1.0,0.9934579133987427,0,1.0,nan,301,1.0,1.0,1.0
4122,T5,7.0,5.0,1.0,10,4.599999904632568,4.599999904632568,-0.7071068286895752,0.6517725586891174,1.0,0.9883119463920593,0,1.0,nan,301,1.0,1.0,1.0
4122,T5,7.0,5.0,1.0,11,2.0,5.0,-1.0,0.5905969738960266,0.0,0.0005382007220759988,1,0.0,40,301,1.0,0.9988830089569092,0.0
4122,T5,7.0,5.0,1.0,12,4.0,5.0,-1.0,0.605226457118988,0.0,4.724344034912065e-05,1,1.0,60,301,1.0,0.9889845848083496,1.0
4122,T5,7.0,5.0,1.0,13,6.0,5.0,1.0,1.0000001192092896,0.0,4.992517119717377e-07,1,0.0,30,301,1.0,1.0,0.0
4122,T5,7.0,5.0,1.0,14,8.0,5.0,1.0,1.0000001192092896,0.0,4.992517119717377e-07,1,0.0,30,301,1.0,1.0,0.0
4122,T5,7.0,5.0,1.0,15,2.0,6.5,-0.8429762721061707,0.552483856678009,0.0,2.832150869380712e-07,1,1.0,301,301,0.21428571428571427,0.22604452073574066,1.0
4122,T5,7.0,5.0,1.0,16,4.0,6.5,0.47611096501350403,0.8285291790962219,0.0,1.863329629481214e-11,1,0.0,100,301,0.88,0.8373942375183105,1.0
4122,T5,7.0,5.0,1.0,17,6.0,6.5,0.43162378668785095,0.8446178436279297,0.0,6.2387390108056655e-15,1,1.0,150,100,0.5,0.41553881764411926,0.0
4122,T5,7.0,5.0,1.0,18,8.0,6.5,0.9989917874336243,0.9664117097854614,0.0,1.9392548276844085e-13,1,1.0,80,60,1.0,0.9996915459632874,0.0
4122,T5,7.0,5.0,1.0,19,2.0,8.0,-0.7071068286895752,0.5208062529563904,0.0,8.925425676320486e-11,1,1.0,301,301,0.0,0.00017630540241952986,1.0
4122,T5,7.0,5.0,1.0,20,3.5,8.0,0.10496647655963898,0.7292087078094482,0.0,1.5851896618263028e-12,1,0.0,301,301,0.0,0.021087810397148132,0.0
4122,T5,7.0,5.0,1.0,21,5.0,8.0,0.4899083971977234,0.8337733745574951,0.0,5.685970791424744e-12,1,0.0,150,301,0.92,0.8418055176734924,0.0
4122,T5,7.0,5.0,1.0,22,6.5,8.0,0.01900651305913925,0.7348117232322693,0.0,2.804020780266392e-16,1,0.0,301,301,0.02,0.019374944269657135,0.0
4122,T5,7.0,5.0,1.0,23,8.0,8.0,0.7071068286895752,0.9011890292167664,0.0,8.322527305444812e-15,1,1.0,300,100,0.5,0.4507649540901184,0.0
4122,T6,5.0,3.0,1.0,0,2.0,2.0,0.49348703026771545,0.8291845917701721,1.0,0.9953542947769165,0,1.0,nan,301,1.0,1.0,1.0
4122,T6,5.0,3.0,1.0,1,3.0,2.0,0.8823575377464294,0.9307265281677246,0.9,0.8596681356430054,0,1.0,nan,30,1.0,1.0,0.0
4122,T6,5.0,3.0,1.0,2,5.0,2.0,0.9706972241401672,0.9922270178794861,0.0,0.0005172986420802772,1,0.0,20,301,1.0,1.0,0.0
4122,T6,5.0,3.0,1.0,3,7.0,2.0,0.9991602301597595,0.9845238327980042,0.1,0.05096891522407532,1,1.0,40,60,1.0,0.9999998211860657,0.0
4122,T6,5.0,3.0,1.0,4,8.0,2.0,0.8697531819343567,0.9231662154197693,0.0,6.622847409376575e-11,1,1.0,80,60,1.0,0.9162448644638062,0.0
4122,T6,5.0,3.0,1.0,5,2.0,3.5,0.31674671173095703,0.7810690999031067,0.5555555555555556,0.5605945587158203,0,1.0,nan,301,1.0,0.9999970197677612,1.0
4122,T6,5.0,3.0,1.0,6,4.0,3.5,0.7547024488449097,0.9032182097434998,1.0,0.9944976568222046,0,1.0,nan,301,1.0,1.0,1.0
4122,T6,5.0,3.0,1.0,7,6.0,3.5,0.9843783378601074,0.9840457439422607,0.0,7.038683634164045e-06,1,1.0,30,60,1.0,0.9999999403953552,0.0
4122,T6,5.0,3.0,1.0,8,8.0,3.5,0.30906668305397034,0.827204704284668,0.0,5.538399600046873e-11,1,1.0,301,60,0.45454545454545453,0.4460502564907074,0.0
4122,T6,5.0,3.0,1.0,9,2.799999952316284,2.799999952316284,0.49348703026771545,0.8353133797645569,1.0,0.9934579133987427,0,1.0,nan,301,1.0,1.0,1.0
4122,T6,5.0,3.0,1.0,10,4.599999904632568,4.599999904632568,0.49348703026771545,0.8510927557945251,1.0,0.9883119463920593,0,1.0,nan,301,1.0,1.0,1.0
4122,T6,5.0,3.0,1.0,11,2.0,5.0,-0.26606038212776184,0.6367267370223999,0.0,0.0005382007220759988,1,0.0,40,301,1.0,0.9896791577339172,1.0
4122,T6,5.0,3.0,1.0,12,4.0,5.0,-0.26606038212776184,0.6597399711608887,0.0,4.724344034912065e-05,1,1.0,60,301,1.0,0.9191697835922241,1.0
4122,T6,5.0,3.0,1.0,13,6.0,5.0,0.26606038212776184,0.8150650262832642,0.0,4.992517119717377e-07,1,0.0,40,301,1.0,0.9991703033447266,0.0
4122,T6,5.0,3.0,1.0,14,8.0,5.0,0.26606038212776184,0.8150650262832642,0.0,4.992517119717377e-07,1,0.0,40,301,1.0,0.9991703033447266,0.0
4122,T6,5.0,3.0,1.0,15,2.0,6.5,-0.7428436279296875,0.44870561361312866,0.0,2.832150869380712e-07,1,1.0,301,301,0.0,0.0004595345235429704,1.0
4122,T6,5.0,3.0,1.0,16,4.0,6.5,-0.7210147380828857,0.4993467926979065,0.0,1.863329629481214e-11,1,0.0,301,301,0.0,4.758510840474628e-05,1.0
4122,T6,5.0,3.0,1.0,17,6.0,6.5,-0.7547024488449097,0.5117762088775635,0.0,6.2387390108056655e-15,1,1.0,301,301,0.0,3.901509870729569e-08,1.0
4122,T6,5.0,3.0,1.0,18,8.0,6.5,0.22251759469509125,0.7432618737220764,0.0,1.9392548276844085e-13,1,1.0,301,200,0.09090909090909091,0.08482987433671951,0.0
4122,T6,5.0,3.0,1.0,19,2.0,8.0,-0.8697531819343567,0.34560221433639526,0.0,8.925425676320486e-11,1,1.0,301,301,0.0,2.6109111317396128e-08,1.0
4122,T6,5.0,3.0,1.0,20,3.5,8.0,-0.9307038187980652,0.4288143515586853,0.0,1.5851896618263028e-12,1,0.0,301,301,0.0,8.346685831384093e-08,0.0
4122,T6,5.0,3.0,1.0,21,5.0,8.0,-0.7100067734718323,0.499977707862854,0.0,5.685970791424744e-12,1,0.0,301,301,0.0,2.1198482500039972e-05,1.0
4122,T6,5.0,3.0,1.0,22,6.5,8.0,-0.9587253332138062,0.4200064539909363,0.0,2.804020780266392e-16,1,0.0,301,301,0.0,8.641790061325594e-10,1.0
4122,T6,5.0,3.0,1.0,23,8.0,8.0,-0.49348703026771545,0.5674123167991638,0.0,8.322527305444812e-15,1,1.0,301,301,0.0,1.7782927841381024e-07,1.0
4122,T7,5.0,7.0,1.0,0,2.0,2.0,-0.9599519371986389,0.45970436930656433,1.0,0.9953542947769165,0,1.0,nan,301,1.0,1.0,1.0
4122,T7,5.0,7.0,1.0,1,3.0,2.0,-0.9608372449874878,0.45440852642059326,0.9,0.8596681356430054,0,1.0,nan,40,1.0,0.9999940991401672,0.0
4122,T7,5.0,7.0,1.0,2,5.0,2.0,-0.5289640426635742,0.5454946160316467,0.0,0.0005172986420802772,1,0.0,30,301,1.0,0.9999904036521912,0.0
4122,T7,5.0,7.0,1.0,3,7.0,2.0,-0.6882507801055908,0.4895206093788147,0.1,0.05096891522407532,1,1.0,80,100,0.8,0.7515827417373657,0.0
4122,T7,5.0,7.0,1.0,4,8.0,2.0,-0.2801649570465088,0.5138418078422546,0.0,6.622847409376575e-11,1,1.0,301,301,0.0,0.021684492006897926,1.0
4122,T7,5.0,7.0,1.0,5,2.0,3.5,-0.8880258202552795,0.5292653441429138,0.5555555555555556,0.5605945587158203,0,1.0,nan,30,1.0,1.0,0.0
4122,T7,5.0,7.0,1.0,6,4.0,3.5,-0.9984802007675171,0.451712429523468,1.0,0.9944976568222046,0,1.0,nan,301,1.0,1.0,1.0
4122,T7,5.0,7.0,1.0,7,6.0,3.5,-0.5835326910018921,0.517680823802948,0.0,7.038683634164045e-06,1,1.0,80,301,1.0,0.8921538591384888,1.0
4122,T7,5.0,7.0,1.0,8,8.0,3.5,0.4408312141895294,0.7154920697212219,0.0,5.538399600046873e-11,1,1.0,301,60,0.2727272727272727,0.3156394064426422,0.0
4122,T7,5.0,7.0,1.0,9,2.799999952316284,2.799999952316284,-0.9599518179893494,0.4683303236961365,1.0,0.9934579133987427,0,1.0,nan,301,1.0,1.0,1.0
4122,T7,5.0,7.0,1.0,10,4.599999904632568,4.599999904632568,-0.9599519371986389,0.4837498068809509,1.0,0.9883119463920593,0,1.0,nan,301,1.0,1.0,1.0
4122,T7,5.0,7.0,1.0,11,2.0,5.0,-0.4806819260120392,0.6211482882499695,0.0,0.0005382007220759988,1,0.0,30,301,1.0,1.0,0.0
4122,T7,5.0,7.0,1.0,12,4.0,5.0,-0.4806819260120392,0.6476848125457764,0.0,4.724344034912065e-05,1,1.0,30,60,1.0,1.0,0.0
4122,T7,5.0,7.0,1.0,13,6.0,5.0,0.4806819260120392,0.8356303572654724,0.0,4.992517119717377e-07,1,0.0,40,301,1.0,0.9999330639839172,0.0
4122,T7,5.0,7.0,1.0,14,8.0,5.0,0.4806819260120392,0.8356303572654724,0.0,4.992517119717377e-07,1,0.0,40,301,1.0,0.9999330639839172,0.0
4122,T7,5.0,7.0,1.0,15,2.0,6.5,0.06652284413576126,0.7603020071983337,0.0,2.832150869380712e-07,1,1.0,60,60,1.0,0.9999999403953552,0.0
4122,T7,5.0,7.0,1.0,16,4.0,6.5,0.999986469745636,0.9948737025260925,0.0,1.863329629481214e-11,1,0.0,40,301,1.0,1.0,0.0
4122,T7,5.0,7.0,1.0,17,6.0,6.5,0.9984802007675171,0.9939966201782227,0.0,6.2387390108056655e-15,1,1.0,60,60,1.0,1.0,0.0
4122,T7,5.0,7.0,1.0,18,8.0,6.5,0.5195634365081787,0.8462411165237427,0.0,1.9392548276844085e-13,1,1.0,80,60,0.6363636363636364,0.6714884042739868,0.0
4122,T7,5.0,7.0,1.0,19,2.0,8.0,0.2801649570465088,0.8112661242485046,0.0,8.925425676320486e-11,1,1.0,80,60,1.0,0.9999973177909851,0.0
4122,T7,5.0,7.0,1.0,20,3.5,8.0,0.9225062131881714,0.969295084476471,0.0,1.5851896618263028e-12,1,0.0,60,301,1.0,1.0,0.0
4122,T7,5.0,7.0,1.0,21,5.0,8.0,0.999944269657135,0.9971708655357361,0.0,5.685970791424744e-12,1,0.0,60,301,1.0,1.0,0.0
4122,T7,5.0,7.0,1.0,22,6.5,8.0,0.8858726620674133,0.9768835306167603,0.0,2.804020780266392e-16,1,0.0,80,301,1.0,0.9999996423721313,0.0
4122,T7,5.0,7.0,1.0,23,8.0,8.0,0.9599519371986389,0.9616404175758362,0.0,8.322527305444812e-15,1,1.0,60,60,1.0,0.9999988675117493,0.0
4123,T5,7.0,5.0,0.7142857142857143,0,2.0,2.0,-0.6567102670669556,0.40794727206230164,1.0,0.9914112091064453,0,1.0,nan,301,1.0,1.0,1.0
4123,T5,7.0,5.0,0.7142857142857143,1,3.0,2.0,0.02404637634754181,0.5830665230751038,0.16,0.2512935698032379,1,0.0,10,301,1.0,1.0,0.0
4123,T5,7.0,5.0,0.7142857142857143,2,5.0,2.0,0.06869974732398987,0.6923787593841553,0.0,0.009941177442669868,1,0.0,20,301,1.0,1.0,0.0
4123,T5,7.0,5.0,0.7142857142857143,3,7.0,2.0,0.2855629026889801,0.7944290637969971,0.1,0.09975455701351166,1,1.0,60,60,1.0,1.0,0.0
4123,T5,7.0,5.0,0.7142857142857143,4,8.0,2.0,0.7541429400444031,0.9009467363357544,0.0,1.1695890566806866e-12,1,1.0,60,60,1.0,1.0,0.0
4123,T5,7.0,5.0,0.7142857142857143,5,2.0,3.5,-0.8350012302398682,0.3427371382713318,0.5833333333333334,0.5231097936630249,0,1.0,nan,100,1.0,0.9999983310699463,0.0
4123,T5,7.0,5.0,0.7142857142857143,6,4.0,3.5,0.2865213453769684,0.6976289749145508,0.06,0.05490599945187569,1,0.0,20,301,1.0,1.0,1.0
4123,T5,7.0,5.0,0.7142857142857143,7,6.0,3.5,0.49274542927742004,0.8239912986755371,0.0,2.5686168214633653e-07,1,1.0,60,60,1.0,1.0,0.0
4123,T5,7.0,5.0,0.7142857142857143,8,8.0,3.5,0.9997109770774841,0.9921887516975403,0.0,2.1462913640368092e-13,1,1.0,80,60,1.0,0.9999992847442627,0.0
4123,T5,7.0,5.0,0.7142857142857143,9,2.799999952316284,2.799999952316284,-0.6567103266716003,0.4340769946575165,1.0,0.9877557158470154,0,1.0,nan,301,1.0,1.0,1.0
4123,T5,7.0,5.0,0.7142857142857143,10,4.599999904632568,4.599999904632568,-0.6567102670669556,0.48883432149887085,1.0,0.9587740898132324,0,1.0,nan,301,1.0,1.0,1.0
4123,T5,7.0,5.0,0.7142857142857143,11,2.0,5.0,-0.997623860836029,0.26791444420814514,0.0,1.8180362530983984e-05,1,0.0,100,301,1.0,0.9907430410385132,1.0
4123,T5,7.0,5.0,0.7142857142857143,12,4.0,5.0,-0.997623860836029,0.3451458215713501,0.0,1.3135516383044887e-05,1,1.0,100,301,1.0,0.9935960173606873,1.0
4123,T5,7.0,5.0,0.7142857142857143,13,6.0,5.0,0.9929418563842773,0.9971387386322021,0.0,1.252399768093826e-12,1,1.0,60,30,1.0,1.0,0.0
4123,T5,7.0,5.0,0.7142857142857143,14,8.0,5.0,0.9996275305747986,0.9990852475166321,0.0,2.7603567760541015e-13,1,1.0,80,30,1.0,1.0,0.0
4123,T5,7.0,5.0,0.7142857142857143,15,2.0,6.5,-0.871769368648529,0.27928149700164795,0.0,1.2055815012956828e-08,1,1.0,301,301,0.08333333333333333,0.08017774671316147,1.0
4123,T5,7.0,5.0,0.7142857142857143,16,4.0,6.5,0.41439417004585266,0.7459167838096619,0.0,1.4504056844444335e-09,1,0.0,150,301,0.88,0.7389001250267029,1.0
4123,T5,7.0,5.0,0.7142857142857143,17,6.0,6.5,0.36845096945762634,0.8454134464263916,0.0,1.0640617727208923e-11,1,1.0,150,80,0.75,0.7792515754699707,0.0
4123,T5,7.0,5.0,0.7142857142857143,18,8.0,6.5,0.9935252070426941,0.9927098155021667,0.0,1.2981057743478852e-14,1,1.0,100,80,1.0,0.9999950528144836,0.0
4123,T5,7.0,5.0,0.7142857142857143,19,2.0,8.0,-0.7541429400444031,0.3167089819908142,0.0,5.965704319432774e-11,1,1.0,301,301,0.0,5.4037536756368354e-05,1.0
4123,T5,7.0,5.0,0.7142857142857143,20,3.5,8.0,0.03620238974690437,0.586646556854248,0.0,4.388328589399748e-10,1,0.0,301,301,0.0,0.01470444817095995,0.0
4123,T5,7.0,5.0,0.7142857142857143,21,5.0,8.0,0.42868322134017944,0.762740433216095,0.0,1.0994157806365479e-09,1,0.0,150,301,0.94,0.7908936142921448,0.0
4123,T5,7.0,5.0,0.7142857142857143,22,6.5,8.0,0.19251851737499237,0.808469831943512,0.0,2.4455713062282447e-12,1,0.0,301,301,0.08,0.1012081503868103,0.0
4123,T5,7.0,5.0,0.7142857142857143,23,8.0,8.0,0.6567102670669556,0.9242130517959595,0.0,3.0821195205407714e-13,1,1.0,150,100,1.0,0.9374210238456726,0.0
4123,T6,5.0,3.0,0.66,0,2.0,2.0,0.6282382607460022,0.8064618110656738,1.0,0.9914112091064453,0,1.0,nan,301,1.0,1.0,1.0
4123,T6,5.0,3.0,0.66,1,3.0,2.0,0.9886192083358765,0.959388792514801,0.16,0.2512935698032379,1,0.0,10,301,1.0,1.0,0.0
4123,T6,5.0,3.0,0.66,2,5.0,2.0,0.9943546652793884,0.9987350702285767,0.0,0.009941177442669868,1,0.0,20,301,1.0,1.0,0.0
4123,T6,5.0,3.0,0.66,3,7.0,2.0,0.9934483170509338,0.9849876165390015,0.1,0.09975455701351166,1,1.0,60,80,1.0,0.9999890327453613,0.0
4123,T6,5.0,3.0,0.66,4,8.0,2.0,0.7780210375785828,0.8800572752952576,0.0,1.1695890566806866e-12,1,1.0,301,100,0.4,0.36884617805480957,0.0
4123,T6,5.0,3.0,0.66,5,2.0,3.5,0.39640703797340393,0.7032894492149353,0.5833333333333334,0.5231097936630249,0,1.0,nan,301,1.0,0.9999971985816956,1.0
4123,T6,5.0,3.0,0.66,6,4.0,3.5,0.9933334589004517,0.9947165250778198,0.06,0.05490599945187569,1,0.0,20,301,1.0,1.0,1.0
4123,T6,5.0,3.0,0.66,7,6.0,3.5,0.9426944255828857,0.9730037450790405,0.0,2.5686168214633653e-07,1,1.0,40,301,1.0,0.9999949932098389,1.0
4123,T6,5.0,3.0,0.66,8,8.0,3.5,0.15044577419757843,0.7583983540534973,0.0,2.1462913640368092e-13,1,1.0,301,301,0.0,0.000959759927354753,1.0
4123,T6,5.0,3.0,0.66,9,2.799999952316284,2.799999952316284,0.6282382607460022,0.8116354942321777,1.0,0.9877557158470154,0,1.0,nan,301,1.0,1.0,1.0
4123,T6,5.0,3.0,0.66,10,4.599999904632568,4.599999904632568,0.6282382607460022,0.8180664777755737,1.0,0.9587740898132324,0,1.0,nan,301,1.0,1.0,1.0
4123,T6,5.0,3.0,0.66,11,2.0,5.0,-0.10591241717338562,0.47921013832092285,0.0,1.8180362530983984e-05,1,0.0,80,301,1.0,0.7757404446601868,0.0
4123,T6,5.0,3.0,0.66,12,4.0,5.0,-0.10591241717338562,0.5503891706466675,0.0,1.3135516383044887e-05,1,1.0,80,301,1.0,0.9157934188842773,1.0
4123,T6,5.0,3.0,0.66,13,6.0,5.0,0.28972896933555603,0.7512491941452026,0.0,1.252399768093826e-12,1,1.0,301,301,0.0,0.0014372915029525757,1.0
4123,T6,5.0,3.0,0.66,14,8.0,5.0,0.20097990334033966,0.7186219096183777,0.0,2.7603567760541015e-13,1,1.0,301,301,0.0,0.00014668413496110588,1.0
4123,T6,5.0,3.0,0.66,15,2.0,6.5,-0.6342633366584778,0.2769899368286133,0.0,1.2055815012956828e-08,1,1.0,301,301,0.0,0.0001373084232909605,1.0
4123,T6,5.0,3.0,0.66,16,4.0,6.5,-0.8240130543708801,0.39374515414237976,0.0,1.4504056844444335e-09,1,0.0,301,301,0.0,9.518209481029771e-06,1.0
4123,T6,5.0,3.0,0.66,17,6.0,6.5,-0.8512657880783081,0.4401819109916687,0.0,1.0640617727208923e-11,1,1.0,301,301,0.0,9.407914092207648e-08,1.0
4123,T6,5.0,3.0,0.66,18,8.0,6.5,0.06116551160812378,0.6525912880897522,0.0,1.2981057743478852e-14,1,1.0,301,301,0.0,1.343031271971995e-06,1.0
4123,T6,5.0,3.0,0.66,19,2.0,8.0,-0.7780210375785828,0.21602128446102142,0.0,5.965704319432774e-11,1,1.0,301,301,0.0,4.095957795158256e-09,1.0
4123,T6,5.0,3.0,0.66,20,3.5,8.0,-0.9777650237083435,0.3153352737426758,0.0,4.388328589399748e-10,1,0.0,301,301,0.0,4.1574597275939595e-07,1.0
4123,T6,5.0,3.0,0.66,21,5.0,8.0,-0.8149831891059875,0.40050026774406433,0.0,1.0994157806365479e-09,1,0.0,301,301,0.0,6.755342838005163e-06,0.0
4123,T6,5.0,3.0,0.66,22,6.5,8.0,-0.9327644109725952,0.4094303548336029,0.0,2.4455713062282447e-12,1,0.0,301,301,0.0,2.0116591059604616e-08,1.0
4123,T6,5.0,3.0,0.66,23,8.0,8.0,-0.6282382607460022,0.5073798894882202,0.0,3.0821195205407714e-13,1,1.0,301,301,0.0,1.3212189564626442e-08,1.0
4123,T7,5.0,7.0,1.0,0,2.0,2.0,-0.9500895738601685,0.3745696246623993,1.0,0.9914112091064453,0,1.0,nan,301,1.0,1.0,1.0
4123,T7,5.0,7.0,1.0,1,3.0,2.0,-0.9117698669433594,0.3763558566570282,0.16,0.2512935698032379,1,0.0,10,301,1.0,1.0,0.0
4123,T7,5.0,7.0,1.0,2,5.0,2.0,-0.8925045132637024,0.39714640378952026,0.0,0.009941177442669868,1,0.0,30,301,1.0,1.0,0.0
4123,T7,5.0,7.0,1.0,3,7.0,2.0,-0.7720295190811157,0.46220773458480835,0.1,0.09975455701351166,1,1.0,150,150,1.0,0.9915951490402222,0.0
4123,T7,5.0,7.0,1.0,4,8.0,2.0,-0.31197741627693176,0.5505368709564209,0.0,1.1695890566806866e-12,1,1.0,301,200,0.3,0.2834663987159729,0.0
4123,T7,5.0,7.0,1.0,5,2.0,3.5,-0.8315186500549316,0.42954331636428833,0.5833333333333334,0.5231097936630249,0,1.0,nan,60,1.0,1.0,0.0
4123,T7,5.0,7.0,1.0,6,4.0,3.5,-0.771393358707428,0.4127349257469177,0.06,0.05490599945187569,1,0.0,30,301,1.0,1.0,1.0
4123,T7,5.0,7.0,1.0,7,6.0,3.5,-0.6102529168128967,0.4862491488456726,0.0,2.5686168214633653e-07,1,1.0,150,150,1.0,0.9969699382781982,0.0
4123,T7,5.0,7.0,1.0,8,8.0,3.5,0.4106956124305725,0.7457301616668701,0.0,2.1462913640368092e-13,1,1.0,301,60,0.36363636363636365,0.3810019791126251,0.0
4123,T7,5.0,7.0,1.0,9,2.799999952316284,2.799999952316284,-0.9500896334648132,0.4022558927536011,1.0,0.9877557158470154,0,1.0,nan,301,1.0,1.0,1.0
4123,T7,5.0,7.0,1.0,10,4.599999904632568,4.599999904632568,-0.9500895738601685,0.46194207668304443,1.0,0.9587740898132324,0,1.0,nan,301,1.0,1.0,1.0
4123,T7,5.0,7.0,1.0,11,2.0,5.0,-0.45121338963508606,0.5317490696907043,0.0,1.8180362530983984e-05,1,0.0,60,301,1.0,0.9999998211860657,0.0
4123,T7,5.0,7.0,1.0,12,4.0,5.0,-0.45121338963508606,0.5750735998153687,0.0,1.3135516383044887e-05,1,1.0,60,80,1.0,1.0,0.0
4123,T7,5.0,7.0,1.0,13,6.0,5.0,0.2766365706920624,0.7748791575431824,0.0,1.252399768093826e-12,1,1.0,150,80,1.0,0.8544662594795227,0.0
4123,T7,5.0,7.0,1.0,14,8.0,5.0,0.36336562037467957,0.7858737707138062,0.0,2.7603567760541015e-13,1,1.0,301,80,0.4166666666666667,0.36069226264953613,0.0
4123,T7,5.0,7.0,1.0,15,2.0,6.5,0.11258015036582947,0.6526380777359009,0.0,1.2055815012956828e-08,1,1.0,80,60,1.0,0.9999964833259583,0.0
4123,T7,5.0,7.0,1.0,16,4.0,6.5,0.9996052384376526,0.9894436597824097,0.0,1.4504056844444335e-09,1,0.0,60,301,1.0,0.9999997019767761,0.0
4123,T7,5.0,7.0,1.0,17,6.0,6.5,0.999761700630188,0.9906582236289978,0.0,1.0640617727208923e-11,1,1.0,80,60,1.0,1.0,0.0
4123,T7,5.0,7.0,1.0,18,8.0,6.5,0.49082139134407043,0.8376035690307617,0.0,1.2981057743478852e-14,1,1.0,300,80,0.5454545454545454,0.5086495280265808,0.0
4123,T7,5.0,7.0,1.0,19,2.0,8.0,0.31197741627693176,0.6986308097839355,0.0,5.965704319432774e-11,1,1.0,100,80,1.0,0.9980131983757019,0.0
4123,T7,5.0,7.0,1.0,20,3.5,8.0,0.9348485469818115,0.9232182502746582,0.0,4.388328589399748e-10,1,0.0,80,301,1.0,0.9999996423721313,0.0
4123,T7,5.0,7.0,1.0,21,5.0,8.0,0.9990382790565491,0.9932528138160706,0.0,1.0994157806365479e-09,1,0.0,60,301,1.0,1.0,0.0
4123,T7,5.0,7.0,1.0,22,6.5,8.0,0.9789699912071228,0.9915167689323425,0.0,2.4455713062282447e-12,1,0.0,80,301,1.0,1.0,0.0
4123,T7,5.0,7.0,1.0,23,8.0,8.0,0.9500895738601685,0.9418625235557556,0.0,3.0821195205407714e-13,1,1.0,100,80,1.0,0.9999762773513794,0.0
4124,T5,7.0,5.0,0.7142857142857143,0,2.0,2.0,-0.7541429400444031,0.4838978052139282,1.0,0.994425892829895,0,1.0,nan,301,1.0,0.9999998807907104,1.0
4124,T5,7.0,5.0,0.7142857142857143,1,3.0,2.0,-0.2855629026889801,0.5776391625404358,0.9,0.8764290809631348,0,1.0,nan,30,1.0,1.0,0.0
4124,T5,7.0,5.0,0.7142857142857143,2,5.0,2.0,0.42868322134017944,0.7675292491912842,0.0,0.0027807611040771008,1,0.0,30,301,1.0,1.0,0.0
4124,T5,7.0,5.0,0.7142857142857143,3,7.0,2.0,0.2390030473470688,0.7871431112289429,0.1,0.06356258690357208,1,1.0,40,60,1.0,0.9999964833259583,0.0
4124,T5,7.0,5.0,0.7142857142857143,4,8.0,2.0,0.6567102670669556,0.8652776479721069,0.0,2.1065393873698213e-09,1,1.0,80,60,1.0,0.9987164735794067,0.0
4124,T5,7.0,5.0,0.7142857142857143,5,2.0,3.5,-0.845882773399353,0.4382956624031067,0.5,0.4674391746520996,0,1.0,nan,301,1.0,0.9939935803413391,1.0
4124,T5,7.0,5.0,0.7142857142857143,6,4.0,3.5,-0.49274542927742004,0.5312801003456116,1.0,0.9975099563598633,0,1.0,nan,301,1.0,1.0,1.0
4124,T5,7.0,5.0,0.7142857142857143,7,6.0,3.5,0.36845096945762634,0.8147094249725342,0.0,0.00025486902450211346,1,1.0,40,60,1.0,0.9999978542327881,0.0
4124,T5,7.0,5.0,0.7142857142857143,8,8.0,3.5,0.9935252070426941,0.9875168800354004,0.0,1.4690289162899717e-07,1,1.0,60,40,1.0,1.0,0.0
4124,T5,7.0,5.0,0.7142857142857143,9,2.799999952316284,2.799999952316284,-0.7541428804397583,0.4895455539226532,1.0,0.9921692609786987,0,1.0,nan,301,1.0,0.9999999403953552,1.0
4124,T5,7.0,5.0,0.7142857142857143,10,4.599999904632568,4.599999904632568,-0.7541429400444031,0.4999382495880127,1.0,0.9718695282936096,0,1.0,nan,301,1.0,0.9999998807907104,1.0
4124,T5,7.0,5.0,0.7142857142857143,11,2.0,5.0,-0.997623860836029,0.2808266878128052,0.0,9.052068605797103e-08,1,0.0,301,301,0.0,0.0012350408360362053,0.0
4124,T5,7.0,5.0,0.7142857142857143,12,4.0,5.0,-0.997623860836029,0.3448188602924347,0.0,5.765269861512934e-08,1,1.0,301,301,0.0,0.002260408829897642,1.0
4124,T5,7.0,5.0,0.7142857142857143,13,6.0,5.0,0.9929418563842773,0.9974438548088074,0.0,3.0515595881297486e-06,1,1.0,30,30,1.0,1.0,0.0
4124,T5,7.0,5.0,0.7142857142857143,14,8.0,5.0,0.9983870983123779,0.9979596138000488,0.0,1.4746692613698542e-06,1,1.0,40,30,1.0,1.0,0.0
4124,T5,7.0,5.0,0.7142857142857143,15,2.0,6.5,-0.6867421269416809,0.27717337012290955,0.0,2.8432076693007957e-09,1,1.0,301,301,0.0,0.00014124027802608907,1.0
4124,T5,7.0,5.0,0.7142857142857143,16,4.0,6.5,-0.36845096945762634,0.44935452938079834,0.0,5.917352718931568e-11,1,1.0,301,301,0.0,1.2151406281191157e-06,1.0
4124,T5,7.0,5.0,0.7142857142857143,17,6.0,6.5,0.49274542927742004,0.9020540714263916,0.0,3.93159327316539e-09,1,1.0,80,60,1.0,0.968530535697937,0.0
4124,T5,7.0,5.0,0.7142857142857143,18,8.0,6.5,0.9997109770774841,0.992469072341919,0.0,3.462267628151494e-08,1,1.0,40,40,1.0,1.0,0.0
4124,T5,7.0,5.0,0.7142857142857143,19,2.0,8.0,-0.6567102670669556,0.2801304757595062,0.0,2.0116540377923542e-11,1,1.0,301,301,0.0,4.260426464952616e-07,1.0
4124,T5,7.0,5.0,0.7142857142857143,20,3.5,8.0,0.16582271456718445,0.6624895930290222,0.0,4.013772092470447e-10,1,0.0,301,301,0.0,0.009776055812835693,0.0
4124,T5,7.0,5.0,0.7142857142857143,21,5.0,8.0,0.47857826948165894,0.8294692635536194,0.0,1.1749186512588494e-08,1,0.0,80,301,0.96,0.921006977558136,0.0
4124,T5,7.0,5.0,0.7142857142857143,22,6.5,8.0,0.06489931792020798,0.7868993282318115,0.0,4.874867176596354e-10,1,1.0,301,80,0.45454545454545453,0.4307704269886017,0.0
4124,T5,7.0,5.0,0.7142857142857143,23,8.0,8.0,0.7541429400444031,0.9408779144287109,0.0,8.854565969329542e-09,1,1.0,60,60,1.0,0.9998440742492676,0.0
4124,T6,5.0,3.0,1.0,0,2.0,2.0,0.31806305050849915,0.8177435994148254,1.0,0.994425892829895,0,1.0,nan,301,1.0,1.0,1.0
4124,T6,5.0,3.0,1.0,1,3.0,2.0,0.7760890126228333,0.9091776013374329,0.9,0.8764290809631348,0,1.0,nan,30,1.0,1.0,0.0
4124,T6,5.0,3.0,1.0,2,5.0,2.0,0.998736560344696,0.9905369281768799,0.0,0.0027807611040771008,1,0.0,20,301,1.0,1.0,0.0
4124,T6,5.0,3.0,1.0,3,7.0,2.0,0.9885573387145996,0.9877924919128418,0.1,0.06356258690357208,1,1.0,30,60,1.0,1.0,0.0
4124,T6,5.0,3.0,1.0,4,8.0,2.0,0.9480696320533752,0.9565511345863342,0.0,2.1065393873698213e-09,1,1.0,60,60,1.0,0.9963329434394836,0.0
4124,T6,5.0,3.0,1.0,5,2.0,3.5,0.16900072991847992,0.757491946220398,0.5,0.4674391746520996,0,1.0,nan,301,1.0,0.999997079372406,1.0
4124,T6,5.0,3.0,1.0,6,4.0,3.5,0.6153200268745422,0.857695460319519,1.0,0.9975099563598633,0,1.0,nan,301,1.0,1.0,1.0
4124,T6,5.0,3.0,1.0,7,6.0,3.5,0.9998811483383179,0.9939448237419128,0.0,0.00025486902450211346,1,1.0,30,60,1.0,1.0,0.0
4124,T6,5.0,3.0,1.0,8,8.0,3.5,0.4852246940135956,0.8407279253005981,0.0,1.4690289162899717e-07,1,1.0,80,80,0.9090909090909091,0.8809425234794617,0.0
4124,T6,5.0,3.0,1.0,9,2.799999952316284,2.799999952316284,0.31806305050849915,0.8167456388473511,1.0,0.9921692609786987,0,1.0,nan,301,1.0,1.0,1.0
4124,T6,5.0,3.0,1.0,10,4.599999904632568,4.599999904632568,0.31806305050849915,0.8117759227752686,1.0,0.9718695282936096,0,1.0,nan,301,1.0,1.0,1.0
4124,T6,5.0,3.0,1.0,11,2.0,5.0,-0.4454818665981293,0.5132647752761841,0.0,9.052068605797103e-08,1,0.0,301,301,0.46,0.4561406672000885,0.0
4124,T6,5.0,3.0,1.0,12,4.0,5.0,-0.4454818665981293,0.5489053130149841,0.0,5.765269861512934e-08,1,1.0,301,301,0.0,0.3309973478317261,1.0
4124,T6,5.0,3.0,1.0,13,6.0,5.0,0.270469069480896,0.7501922249794006,0.0,3.0515595881297486e-06,1,1.0,40,40,1.0,0.8415757417678833,0.0
4124,T6,5.0,3.0,1.0,14,8.0,5.0,0.329674631357193,0.764998197555542,0.0,1.4746692613698542e-06,1,1.0,60,40,0.8333333333333334,0.8056042194366455,0.0
4124,T6,5.0,3.0,1.0,15,2.0,6.5,-0.9343964457511902,0.3653871715068817,0.0,2.8432076693007957e-09,1,1.0,301,301,0.0,0.0001911881990963593,1.0
4124,T6,5.0,3.0,1.0,16,4.0,6.5,-0.9998811483383179,0.32717615365982056,0.0,5.917352718931568e-11,1,1.0,301,301,0.0,2.498147466667433e-08,1.0
4124,T6,5.0,3.0,1.0,17,6.0,6.5,-0.6153200268745422,0.5530165433883667,0.0,3.93159327316539e-09,1,1.0,301,301,0.0,0.005269514862447977,1.0
4124,T6,5.0,3.0,1.0,18,8.0,6.5,0.40484076738357544,0.7392215132713318,0.0,3.462267628151494e-08,1,1.0,301,80,0.45454545454545453,0.511401891708374,0.0
4124,T6,5.0,3.0,1.0,19,2.0,8.0,-0.9480696320533752,0.31304463744163513,0.0,2.0116540377923542e-11,1,1.0,301,301,0.0,1.044311517262031e-07,1.0
4124,T6,5.0,3.0,1.0,20,3.5,8.0,-0.8475976586341858,0.42002272605895996,0.0,4.013772092470447e-10,1,0.0,301,301,0.0,4.527051351033151e-05,0.0
4124,T6,5.0,3.0,1.0,21,5.0,8.0,-0.628014326095581,0.5008228421211243,0.0,1.1749186512588494e-08,1,0.0,301,301,0.0,0.018690841272473335,1.0
4124,T6,5.0,3.0,1.0,22,6.5,8.0,-0.8970679640769958,0.4887658357620239,0.0,4.874867176596354e-10,1,1.0,301,301,0.0,0.0005047727609053254,1.0
4124,T6,5.0,3.0,1.0,23,8.0,8.0,-0.31806305050849915,0.5810461044311523,0.0,8.854565969329542e-09,1,1.0,301,301,0.0,0.020214375108480453,1.0
4124,T7,5.0,7.0,1.0,0,2.0,2.0,-0.8744858503341675,0.330359548330307,1.0,0.994425892829895,0,1.0,nan,301,1.0,1.0,1.0
4124,T7,5.0,7.0,1.0,1,3.0,2.0,-0.9982993006706238,0.3478577733039856,0.9,0.8764290809631348,0,1.0,nan,60,1.0,0.9999997019767761,0.0
4124,T7,5.0,7.0,1.0,2,5.0,2.0,-0.7031622529029846,0.5275601744651794,0.0,0.0027807611040771008,1,0.0,30,301,1.0,0.9999988079071045,0.0
4124,T7,5.0,7.0,1.0,3,7.0,2.0,-0.8313491344451904,0.46365272998809814,0.1,0.06356258690357208,1,1.0,80,100,1.0,0.9934404492378235,0.0
4124,T7,5.0,7.0,1.0,4,8.0,2.0,-0.48505115509033203,0.5319889783859253,0.0,2.1065393873698213e-09,1,1.0,301,150,0.2,0.2683368921279907,0.0
4124,T7,5.0,7.0,1.0,5,2.0,3.5,-0.7898134589195251,0.39534834027290344,0.5,0.4674391746520996,0,1.0,nan,40,1.0,0.9999993443489075,0.0
4124,T7,5.0,7.0,1.0,6,4.0,3.5,-0.9860354661941528,0.32799816131591797,1.0,0.9975099563598633,0,1.0,nan,301,1.0,1.0,1.0
4124,T7,5.0,7.0,1.0,7,6.0,3.5,-0.7483212947845459,0.5189055800437927,0.0,0.00025486902450211346,1,1.0,80,100,1.0,0.996214747428894,0.0
4124,T7,5.0,7.0,1.0,8,8.0,3.5,0.23193728923797607,0.7340016961097717,0.0,1.4690289162899717e-07,1,1.0,100,60,1.0,0.9935895800590515,0.0
4124,T7,5.0,7.0,1.0,9,2.799999952316284,2.799999952316284,-0.8744858503341675,0.3402605950832367,1.0,0.9921692609786987,0,1.0,nan,301,1.0,1.0,1.0
4124,T7,5.0,7.0,1.0,10,4.599999904632568,4.599999904632568,-0.8744858503341675,0.36508065462112427,1.0,0.9718695282936096,0,1.0,nan,301,1.0,1.0,1.0
4124,T7,5.0,7.0,1.0,11,2.0,5.0,-0.2753719091415405,0.4966554045677185,0.0,9.052068605797103e-08,1,0.0,80,301,1.0,0.9998269081115723,0.0
4124,T7,5.0,7.0,1.0,12,4.0,5.0,-0.2753719091415405,0.5593459606170654,0.0,5.765269861512934e-08,1,1.0,80,80,1.0,0.9998717904090881,0.0
4124,T7,5.0,7.0,1.0,13,6.0,5.0,0.45003876090049744,0.8419656753540039,0.0,3.0515595881297486e-06,1,1.0,40,40,1.0,0.999992311000824,0.0
4124,T7,5.0,7.0,1.0,14,8.0,5.0,0.39377060532569885,0.8069668412208557,0.0,1.4746692613698542e-06,1,1.0,60,40,1.0,0.9985223412513733,0.0
4124,T7,5.0,7.0,1.0,15,2.0,6.5,0.449202299118042,0.6003522276878357,0.0,2.8432076693007957e-09,1,1.0,60,60,1.0,0.9999967813491821,0.0
4124,T7,5.0,7.0,1.0,16,4.0,6.5,0.7483212947845459,0.8029000163078308,0.0,5.917352718931568e-11,1,1.0,80,80,1.0,0.999982476234436,0.0
4124,T7,5.0,7.0,1.0,17,6.0,6.5,0.9860354661941528,0.9758666157722473,0.0,3.93159327316539e-09,1,1.0,60,40,1.0,1.0,0.0
4124,T7,5.0,7.0,1.0,18,8.0,6.5,0.31825125217437744,0.8424826264381409,0.0,3.462267628151494e-08,1,1.0,60,40,1.0,0.9612538814544678,0.0
4124,T7,5.0,7.0,1.0,19,2.0,8.0,0.48505115509033203,0.642370879650116,0.0,2.0116540377923542e-11,1,1.0,100,80,1.0,0.9992637634277344,0.0
4124,T7,5.0,7.0,1.0,20,3.5,8.0,0.9836040139198303,0.9458696246147156,0.0,4.013772092470447e-10,1,0.0,40,301,1.0,0.9999997019767761,0.0
4124,T7,5.0,7.0,1.0,21,5.0,8.0,0.9886048436164856,0.9957799911499023,0.0,1.1749186512588494e-08,1,0.0,40,301,1.0,1.0,0.0
4124,T7,5.0,7.0,1.0,22,6.5,8.0,0.9602271914482117,0.9888706207275391,0.0,4.874867176596354e-10,1,1.0,60,60,1.0,0.9824466705322266,0.0
4124,T7,5.0,7.0,1.0,23,8.0,8.0,0.8744858503341675,0.9085145592689514,0.0,8.854565969329542e-09,1,1.0,60,40,1.0,1.0,0.0
